name,status_id,created_at,text,is_quote,is_retweet,reply_to_user_id,hashtags
Doreen G. Kessy,1169868243831406592,2019-09-06T07:01:39Z,"@vikaspota Hi Vikas, what time works for you?",FALSE,FALSE,18267636,NA
Doreen G. Kessy,1169608493424414723,2019-09-05T13:49:29Z,"We need to work hand in hand with teachers, and give them the necessary support! So great to meet the winner of @teacherprize at #AF19!//t.co/yxLf1AopwH",TRUE,FALSE,NA,AF19
Doreen G. Kessy,1169607424183062528,2019-09-05T13:45:14Z,Really pleased that @FabAcademic and @doreenkessy speak about the centrality of teachers in this conversation. Online and digital is fine but you can't outpace the skills of teachers #AF19,FALSE,TRUE,NA,NA
Doreen G. Kessy,1169607391874301952,2019-09-05T13:45:07Z,"@doreenkessy shares the challenge for teachers is support and training. Also, English is a barrier as most of the content on the internet is in English. #AF19 #WEFAfrica19",FALSE,TRUE,NA,NA
Doreen G. Kessy,1169607376917454848,2019-09-05T13:45:03Z,"I love that @doreenkessy has brought up how most teachers are from a crop of students who did not make a grade and get ""tossed"" into teacher program. This is also the case in Zambia. #AF19 #WEFAfrica19",FALSE,TRUE,NA,NA
Doreen G. Kessy,1162241209244368902,2019-08-16T05:54:32Z,"@KennedyMmari Wanaume wakiwajibika sawa sawa na wanawake kwenye majukumu ya kifamilia kama kupika, kuchange diaper, kuhudumia watoto wakiumwa, wanawake wataweza kupata muda na Nguvu ya kua aggressive.",FALSE,FALSE,2309651022,NA
Doreen G. Kessy,1150803341167009794,2019-07-15T16:24:32Z,"The key to lasting progress in Africa lies in the minds of its kids. If we help them realize their potential, they will go on to change their lives, their communities, and the world. -@doreenkessy, COO at @UBONGOtz #MoralLeaderMonday #AcumenFellows",FALSE,TRUE,NA,NA
Doreen G. Kessy,1136782825909346310,2019-06-06T23:52:00Z,Thank you for paving the way @Atayeshe! //t.co/Kc8fr8MG4x,TRUE,FALSE,NA,NA
Doreen G. Kessy,1136329313362616321,2019-06-05T17:49:54Z,"When sleeping women awaken, mountains move! Dr. Natalia Kanem @Atayeshe #WD2019 #genderequality",FALSE,FALSE,NA,WD2019
Doreen G. Kessy,1136329313362616321,2019-06-05T17:49:54Z,"When sleeping women awaken, mountains move! Dr. Natalia Kanem @Atayeshe #WD2019 #genderequality",FALSE,FALSE,NA,genderequality
Doreen G. Kessy,1115938332066889728,2019-04-10T11:23:26Z,.@DavidMalpassWBG congrats on becoming @WorldBank President! Global Citizens are calling on you to create a world where #SheIsEqual. Today @iambeckyg joined our call. Will you double the Bank's procurement with women-owned businesses globally?//t.co/VGPAiyOw9d,FALSE,FALSE,NA,SheIsEqual
Doreen G. Kessy,1070262081168007169,2018-12-05T10:22:19Z,"Fear is a coward's way of leadership!! Look around, you don't even have to look far, utawaona tu!",FALSE,FALSE,NA,NA
Doreen G. Kessy,1070256612626042882,2018-12-05T10:00:35Z,@DarShapers @UBONGOtz @tulanana @mkombozi Great job!!! So proud!!,FALSE,FALSE,1647446270,NA
Doreen G. Kessy,1065526900204945408,2018-11-22T08:46:24Z,"@nkatende @CRBarretto @KigoziMaggie @Rotary I'm curious to understand what principles you are referring to. Most principles in our society have been crafted by the patriarchy system to serve the patriarchy (only a few!). So no, it's about time we change the system or throw it away completely and start over!",FALSE,FALSE,485768924,NA
Doreen G. Kessy,1065414699892654080,2018-11-22T01:20:33Z,"@nkatende @CRBarretto @KigoziMaggie @Rotary Instead of creating something new and different, we should fix what's broken in the current system! One step at a time",FALSE,FALSE,402717522,NA
Doreen G. Kessy,1065251313645178880,2018-11-21T14:31:19Z,"@nkatende @CRBarretto @KigoziMaggie @Rotary Well, when the people who decide the criteria of a board member are essentially old men, you will always have board members who are old men! Everyone must be represented in the decision making table for there to be diversity!",FALSE,FALSE,402717522,NA
Doreen G. Kessy,1028649392482537472,2018-08-12T14:28:21Z,Happy Int. Youth Day! Thank you WEF for recognizing our efforts at @ubongotz to transform learning for millions of kids in Africa.//t.co/4aif1CgGkX,TRUE,FALSE,NA,NA
Doreen G. Kessy,966190605004140544,2018-02-21T05:59:25Z,@Shamiso_K @eagamor @wef @GlobalShapers @theNEXUSsummit @itp85 @urithimedia @GlobalShapersAC @witsbschool @abdullahialim @Shamiso_K @eagamor love that we get to have family everywhere we go!! #shaperlove,FALSE,FALSE,2872119003,shaperlove
Doreen G. Kessy,958259433120960517,2018-01-30T08:43:47Z,Congratulations @FarajaNyalandu!! for your remarkable work in education!//t.co/9Y0LgsP11Z,TRUE,FALSE,NA,NA
Doreen G. Kessy,957734366469337088,2018-01-28T21:57:21Z,"""Trade is the way to stop wars""#JackMa",FALSE,FALSE,NA,JackMa
Doreen G. Kessy,957614405323317248,2018-01-28T14:00:40Z,"@EleanorH2O @Shamiso_K @GlobalShapers Thank you, it was wonderful meeting you too! Wishing you all the best in colorado!",FALSE,FALSE,2551016323,NA
Doreen G. Kessy,957611168486625280,2018-01-28T13:47:48Z,@GSRomeHub I'm in your city for a few days. It would be great to meet you'all!,FALSE,FALSE,833489594,NA
Doreen G. Kessy,957270536404520960,2018-01-27T15:14:15Z,"@DrNgadaya @CarolNdosi Yes, I learned so much, will soon share lessons learned and hopefully, it will inspire us all to create a shared future for our generation, and generations to come! @DarShapers #wef18 #davos50",FALSE,FALSE,NA,wef18
Doreen G. Kessy,957270536404520960,2018-01-27T15:14:15Z,"@DrNgadaya @CarolNdosi Yes, I learned so much, will soon share lessons learned and hopefully, it will inspire us all to create a shared future for our generation, and generations to come! @DarShapers #wef18 #davos50",FALSE,FALSE,NA,davos50
Doreen G. Kessy,957187177930092545,2018-01-27T09:43:01Z,"Yep, don't let them tell you otherwise! Our voice counts @DarShapers @GlobalShapers #WEF18//t.co/4AChgsMzsM",TRUE,FALSE,NA,WEF18
Doreen G. Kessy,957186324179582976,2018-01-27T09:39:38Z,"@Shamiso_K Thanks love!! It was great meeting you too, I have gained a sister!",FALSE,FALSE,2872119003,NA
Doreen G. Kessy,957156834447626241,2018-01-27T07:42:27Z,"@edgar_kvg @DarShapers Thanks! We the youth must create our own solutions, let's work together to increase intra-africa trade! It will benefit all of us.@OpenAfricaGS #openafrica @GlobalShapers #WEF18",FALSE,FALSE,2169809868,openafrica
Doreen G. Kessy,957156834447626241,2018-01-27T07:42:27Z,"@edgar_kvg @DarShapers Thanks! We the youth must create our own solutions, let's work together to increase intra-africa trade! It will benefit all of us.@OpenAfricaGS #openafrica @GlobalShapers #WEF18",FALSE,FALSE,2169809868,WEF18
Doreen G. Kessy,957150848093773824,2018-01-27T07:18:39Z,"It is a responsibility of the government to represent it's people in the global arena. But if they don't, please don't wait for them to make up their minds. Go on, own your future. #WEF18 #davos50 #sharedfuture @DarShapers//t.co/1VDoCV04Aq",FALSE,FALSE,NA,WEF18
Doreen G. Kessy,957150848093773824,2018-01-27T07:18:39Z,"It is a responsibility of the government to represent it's people in the global arena. But if they don't, please don't wait for them to make up their minds. Go on, own your future. #WEF18 #davos50 #sharedfuture @DarShapers//t.co/1VDoCV04Aq",FALSE,FALSE,NA,davos50
Doreen G. Kessy,957150848093773824,2018-01-27T07:18:39Z,"It is a responsibility of the government to represent it's people in the global arena. But if they don't, please don't wait for them to make up their minds. Go on, own your future. #WEF18 #davos50 #sharedfuture @DarShapers//t.co/1VDoCV04Aq",FALSE,FALSE,NA,sharedfuture
Doreen G. Kessy,957125640897130496,2018-01-27T05:38:29Z,"@Collouis1999 #tanzania was at #WEF18 in #Davos all week, leading discussions and all! We don't have to be gvt officials to represent our country. @DarShapers @GlobalShapers @davos50 @eskanza @wef//t.co/KIVEtUVI2v//t.co/1VDoCV04Aq//t.co/Uoc9Y9aFN7",FALSE,FALSE,4834197945,tanzania
Doreen G. Kessy,957125640897130496,2018-01-27T05:38:29Z,"@Collouis1999 #tanzania was at #WEF18 in #Davos all week, leading discussions and all! We don't have to be gvt officials to represent our country. @DarShapers @GlobalShapers @davos50 @eskanza @wef//t.co/KIVEtUVI2v//t.co/1VDoCV04Aq//t.co/Uoc9Y9aFN7",FALSE,FALSE,4834197945,WEF18
Doreen G. Kessy,957125640897130496,2018-01-27T05:38:29Z,"@Collouis1999 #tanzania was at #WEF18 in #Davos all week, leading discussions and all! We don't have to be gvt officials to represent our country. @DarShapers @GlobalShapers @davos50 @eskanza @wef//t.co/KIVEtUVI2v//t.co/1VDoCV04Aq//t.co/Uoc9Y9aFN7",FALSE,FALSE,4834197945,Davos
Doreen G. Kessy,957124227353726977,2018-01-27T05:32:52Z,"@Collouis1999 #tanzania was at #WEF18 in #Davos all week, leading discussions and all! We don't have to be gvt officials to represent our country. @DarShapers @GlobalShapers @davos50 @eskanza @wef//t.co/KIVEtUVI2v",FALSE,FALSE,4834197945,tanzania
Doreen G. Kessy,957124227353726977,2018-01-27T05:32:52Z,"@Collouis1999 #tanzania was at #WEF18 in #Davos all week, leading discussions and all! We don't have to be gvt officials to represent our country. @DarShapers @GlobalShapers @davos50 @eskanza @wef//t.co/KIVEtUVI2v",FALSE,FALSE,4834197945,WEF18
Doreen G. Kessy,957124227353726977,2018-01-27T05:32:52Z,"@Collouis1999 #tanzania was at #WEF18 in #Davos all week, leading discussions and all! We don't have to be gvt officials to represent our country. @DarShapers @GlobalShapers @davos50 @eskanza @wef//t.co/KIVEtUVI2v",FALSE,FALSE,4834197945,Davos
Doreen G. Kessy,956937631132155910,2018-01-26T17:11:24Z,@tulanana @Collouis1999 @DarShapers @eskanza @wef Tanzania is well represented at #wef18 in Davos!!//t.co/N9cWgJqp4n,FALSE,FALSE,170175065,wef18
Doreen G. Kessy,955748185321992193,2018-01-23T10:24:58Z,"""No one invests without trust!"" Berset #WEF18 Davos50 @DarShapers",FALSE,FALSE,NA,WEF18
Doreen G. Kessy,918464195603124224,2017-10-12T13:11:43Z,"""We created a free, independent Africa, it's your turn to create a developed Africa"" G.Mongella @DarShapers @OpenAfricaGS",FALSE,FALSE,NA,NA
Doreen G. Kessy,918032312092233728,2017-10-11T08:35:34Z,"""Don't hold me back, with an education, I can run this nation"" - I'm a girl!//t.co/bTmVqJnHZ4",TRUE,FALSE,NA,NA
Doreen G. Kessy,917959637202325505,2017-10-11T03:46:47Z,You don't want to miss! Register//t.co/bwSs39EtF4 #openafrica darshapers//t.co/sOWaaJfJdn,FALSE,FALSE,NA,openafrica
Doreen G. Kessy,915915346774720512,2017-10-05T12:23:30Z,I am attending//t.co/FkGWsyFASE,FALSE,FALSE,NA,NA
Doreen G. Kessy,915568765282156544,2017-10-04T13:26:18Z,Congratulations Dr. Natalia @Atayeshe! We are certain the future of women and girls is in good hands//t.co/5GxqjtUkCV,TRUE,FALSE,NA,NA
Doreen G. Kessy,912337821167472640,2017-09-25T15:27:41Z,Let's create laws that strive to promote gender parity @hafidabenchahida senator of Algeria #WIASummit,FALSE,FALSE,NA,WIASummit
Doreen G. Kessy,912318192000946176,2017-09-25T14:09:41Z,Excited to share about our work at @UBONGOtz at @WIA Conference in Marrakesh with hundreds of incredible women tonight!//t.co/rEocLmtlKb,TRUE,FALSE,NA,NA
Doreen G. Kessy,910162175888625664,2017-09-19T15:22:27Z,@Unstoppable_Jen Congratulations @Unstoppable_Jen !,FALSE,FALSE,462751619,NA
Doreen G. Kessy,892823925855596544,2017-08-02T19:06:26Z,"""To reach your greatest potential you'll have to fight your greatest fears."" Unknown",FALSE,FALSE,NA,NA
Doreen G. Kessy,885614786200961024,2017-07-13T21:39:53Z,"""If you don't like where you are, change it. You're not a tree."" Jim Rohn",FALSE,FALSE,NA,NA
Doreen G. Kessy,870266854035656704,2017-06-01T13:12:41Z,4 in 10 kids in Africa may never read this. YOU can help #Ubongo CHANGE that. Visit//t.co/HtFBTfHtcB TODAY. Every little bit helps!//t.co/zlZRYGnUVV,FALSE,TRUE,NA,Ubongo
Doreen G. Kessy,868443462886141952,2017-05-27T12:27:11Z,"I asked a 7 year old girl today whether a woman could be President,//t.co/0X1TcJySjW",FALSE,FALSE,NA,NA
Doreen G. Kessy,867824205726965761,2017-05-25T19:26:28Z,My sisters @tulanana & @doreenkessy live in Tanzania. We need an #OpenAfrica to trade & travel. We need a #VisafreeAfrica #Africaday//t.co/GmsWqoTmrh,FALSE,TRUE,NA,OpenAfrica
Doreen G. Kessy,867763914918047744,2017-05-25T15:26:54Z,"To open our borders, would be to let the light in! #openafrica//t.co/h3cIYUXGhw",FALSE,FALSE,NA,openafrica
Doreen G. Kessy,867467809437229057,2017-05-24T19:50:17Z,Join us in our call for an open and border-free Africa on #AfricaDay tomorrow #OpenAfrica//t.co/g369Y9Z4ds,FALSE,TRUE,NA,AfricaDay
Doreen G. Kessy,867467809437229057,2017-05-24T19:50:17Z,Join us in our call for an open and border-free Africa on #AfricaDay tomorrow #OpenAfrica//t.co/g369Y9Z4ds,FALSE,TRUE,NA,OpenAfrica
Doreen G. Kessy,864932281944870913,2017-05-17T19:55:00Z,@farajanyalandu you are inspirational! Thank you!! #InnovationWeek//t.co/Dq0iwAadTy,FALSE,FALSE,217565883,InnovationWeek
Doreen G. Kessy,864929368627453953,2017-05-17T19:43:25Z,"There are too many problems to choose from, pick one to//t.co/9rridgFvXF",FALSE,FALSE,NA,NA
Doreen G. Kessy,862762899894390787,2017-05-11T20:14:39Z,@Unstoppable_Jen @graceiheji Devastating...,FALSE,FALSE,485768924,NA
Doreen G. Kessy,862762522402795520,2017-05-11T20:13:09Z,@Unstoppable_Jen @graceiheji This is awful @Unstoppable_Jen @ graceiheji. We have got to do something.,FALSE,FALSE,462751619,NA
Doreen G. Kessy,861941120124813312,2017-05-09T13:49:11Z,"USIKOSE: Ushauri juu ya Afya. Kila Jumanne, Saa 11-12 Jioni. Mada ya wiki hii ni: Maumivu ya Mgongo. #AfyaYako @kwanza_tv//t.co/YQOImztYuh",FALSE,TRUE,NA,AfyaYako
Doreen G. Kessy,861899378545614848,2017-05-09T11:03:19Z,Thrilled to be part of @SpringAccel #cohort3 to scale our #girlimpact across Africa! #girlpower @nikefoundation @fuseproject//t.co/ATV1fu7d53,FALSE,TRUE,NA,cohort3
Doreen G. Kessy,861899378545614848,2017-05-09T11:03:19Z,Thrilled to be part of @SpringAccel #cohort3 to scale our #girlimpact across Africa! #girlpower @nikefoundation @fuseproject//t.co/ATV1fu7d53,FALSE,TRUE,NA,girlimpact
Doreen G. Kessy,861899378545614848,2017-05-09T11:03:19Z,Thrilled to be part of @SpringAccel #cohort3 to scale our #girlimpact across Africa! #girlpower @nikefoundation @fuseproject//t.co/ATV1fu7d53,FALSE,TRUE,NA,girlpower
Doreen G. Kessy,861191023829102596,2017-05-07T12:08:34Z,Super proud of the @DarShapers project with the sober house #entrepreneurship training #changinglives//t.co/bZvfDRexn9,FALSE,TRUE,NA,entrepreneurship
Doreen G. Kessy,861191023829102596,2017-05-07T12:08:34Z,Super proud of the @DarShapers project with the sober house #entrepreneurship training #changinglives//t.co/bZvfDRexn9,FALSE,TRUE,NA,changinglives
Doreen G. Kessy,860599354159247360,2017-05-05T20:57:29Z,@DarShapers engaging on #education4all with US actor @ForestWhitaker #WEFAfrica2017 #education4all panel #ShapingAfrica #af17 #shaperlove//t.co/DOxG3iDGIw,FALSE,TRUE,NA,education4all
Doreen G. Kessy,860599354159247360,2017-05-05T20:57:29Z,@DarShapers engaging on #education4all with US actor @ForestWhitaker #WEFAfrica2017 #education4all panel #ShapingAfrica #af17 #shaperlove//t.co/DOxG3iDGIw,FALSE,TRUE,NA,WEFAfrica2017
Doreen G. Kessy,860599354159247360,2017-05-05T20:57:29Z,@DarShapers engaging on #education4all with US actor @ForestWhitaker #WEFAfrica2017 #education4all panel #ShapingAfrica #af17 #shaperlove//t.co/DOxG3iDGIw,FALSE,TRUE,NA,education4all
Doreen G. Kessy,860599354159247360,2017-05-05T20:57:29Z,@DarShapers engaging on #education4all with US actor @ForestWhitaker #WEFAfrica2017 #education4all panel #ShapingAfrica #af17 #shaperlove//t.co/DOxG3iDGIw,FALSE,TRUE,NA,ShapingAfrica
Doreen G. Kessy,860599269874696196,2017-05-05T20:57:09Z,It's the last day @wef #WEFAfrica2017 Our own @doreenkessy will be on a panel on new solutions and education technologies.//t.co/Ez3GPQXbgO,FALSE,TRUE,NA,WEFAfrica2017
Doreen G. Kessy,860599121031442434,2017-05-05T20:56:34Z,US actor @ForestWhitaker feeling the @UBONGOtz vibe @ #WEFAfrica2017 #Darshaper @doreenkessy on the panel on education 4 all.#shapersafrica//t.co/T5bZKQdG7j,FALSE,TRUE,NA,WEFAfrica2017
Doreen G. Kessy,860599121031442434,2017-05-05T20:56:34Z,US actor @ForestWhitaker feeling the @UBONGOtz vibe @ #WEFAfrica2017 #Darshaper @doreenkessy on the panel on education 4 all.#shapersafrica//t.co/T5bZKQdG7j,FALSE,TRUE,NA,Darshaper
Doreen G. Kessy,860598947328471045,2017-05-05T20:55:52Z,Our very own @DarShapers @doreenkessy speaking on her work @UBONGOtz & their approach 2 education #WEFAfrica17 1/2//t.co/hPnyVYqU7B,FALSE,TRUE,NA,WEFAfrica17
Doreen G. Kessy,860000842073726982,2017-05-04T05:19:13Z,"With the former President of Tanzania , Mh. Jakaya Kikwete and my//t.co/nA3c9w2wes",FALSE,FALSE,NA,NA
Doreen G. Kessy,857622345523003392,2017-04-27T15:47:55Z,rebecagyumi's photo//t.co/VOGEJy44EA,FALSE,FALSE,NA,NA
Doreen G. Kessy,854608185604419586,2017-04-19T08:10:43Z,@RebecaGyumi has had tremendous impact on young people in Tanzania. She would be great as a #UNYouthEnvoy!!#Rebeca4UNYouthEnvoy//t.co/7XzgfscIg9,FALSE,FALSE,205130727,UNYouthEnvoy
Doreen G. Kessy,854608185604419586,2017-04-19T08:10:43Z,@RebecaGyumi has had tremendous impact on young people in Tanzania. She would be great as a #UNYouthEnvoy!!#Rebeca4UNYouthEnvoy//t.co/7XzgfscIg9,FALSE,FALSE,205130727,Rebeca4UNYouthEnvoy
Doreen G. Kessy,854607172143120384,2017-04-19T08:06:42Z,Global shapers community of Dar has been running an entrepreneurship training for recovering addicts who will be graduating on Saturday.//t.co/97BW1GJn2l,FALSE,TRUE,NA,NA
Doreen G. Kessy,850796598724612096,2017-04-08T19:44:50Z,#PlayfulLearning in #Africa Keeping the fun in learning A talk by @doreenkessy of @UBONGOtz #GlobalEdChat //t.co/n73nRAplYK,FALSE,TRUE,NA,PlayfulLearning
Doreen G. Kessy,850796598724612096,2017-04-08T19:44:50Z,#PlayfulLearning in #Africa Keeping the fun in learning A talk by @doreenkessy of @UBONGOtz #GlobalEdChat //t.co/n73nRAplYK,FALSE,TRUE,NA,Africa
Doreen G. Kessy,850796598724612096,2017-04-08T19:44:50Z,#PlayfulLearning in #Africa Keeping the fun in learning A talk by @doreenkessy of @UBONGOtz #GlobalEdChat //t.co/n73nRAplYK,FALSE,TRUE,NA,GlobalEdChat
Doreen G. Kessy,848460486186332160,2017-04-02T09:01:58Z,%//t.co/77VfW5S8cc,TRUE,FALSE,NA,NA
Doreen G. Kessy,848459878293278722,2017-04-02T08:59:33Z,Congratulations Rebecca! You have shaped the future for millions of girls in Tanzania!!//t.co/Row4tKX8Id,TRUE,FALSE,NA,NA
Doreen G. Kessy,847532248501022720,2017-03-30T19:33:29Z,"Ethan tells me his current school is happily amazing! It's crazy that even at his age, he has//t.co/nUGiDC0YiB",FALSE,FALSE,NA,NA
Doreen G. Kessy,846333676636061697,2017-03-27T12:10:47Z,Thought this was profound when I heard Thomas Friedman speak last week!! #ageofacceleration #gesf//t.co/GIiRcUnC3S,FALSE,FALSE,NA,ageofacceleration
Doreen G. Kessy,846333676636061697,2017-03-27T12:10:47Z,Thought this was profound when I heard Thomas Friedman speak last week!! #ageofacceleration #gesf//t.co/GIiRcUnC3S,FALSE,FALSE,NA,gesf
Doreen G. Kessy,845328277619314688,2017-03-24T17:35:41Z,So excited to be chosen as a 2017 Cohort 2 Coaching Fellow by @CoachFellowship! Looking forward to learning and growing.,FALSE,FALSE,NA,NA
Doreen G. Kessy,844854057428668421,2017-03-23T10:11:18Z,Sarah is slacking at work - All about the kids!! #workflow #ubongokids #akiliandme #ubongo//t.co/ypD4HdYecN,FALSE,FALSE,NA,workflow
Doreen G. Kessy,844854057428668421,2017-03-23T10:11:18Z,Sarah is slacking at work - All about the kids!! #workflow #ubongokids #akiliandme #ubongo//t.co/ypD4HdYecN,FALSE,FALSE,NA,ubongokids
Doreen G. Kessy,844854057428668421,2017-03-23T10:11:18Z,Sarah is slacking at work - All about the kids!! #workflow #ubongokids #akiliandme #ubongo//t.co/ypD4HdYecN,FALSE,FALSE,NA,akiliandme
Doreen G. Kessy,844854057428668421,2017-03-23T10:11:18Z,Sarah is slacking at work - All about the kids!! #workflow #ubongokids #akiliandme #ubongo//t.co/ypD4HdYecN,FALSE,FALSE,NA,ubongo
Doreen G. Kessy,843044101125799937,2017-03-18T10:19:11Z,Former Prime Minister of Australia and Chair of the Board of the Global Partnership for//t.co/gICNbVzm36,FALSE,FALSE,NA,NA
Doreen G. Kessy,843020202166140928,2017-03-18T08:44:13Z,"#gesf @ Atlantis The Palm, Dubai//t.co/eo9LMMI7g2",FALSE,FALSE,NA,gesf
Doreen G. Kessy,842990878088138752,2017-03-18T06:47:42Z,"""Survival cannot happen without inclusiveness"" Sadhguru Vasudev #GESF #Dubai",FALSE,FALSE,NA,GESF
Doreen G. Kessy,842990878088138752,2017-03-18T06:47:42Z,"""Survival cannot happen without inclusiveness"" Sadhguru Vasudev #GESF #Dubai",FALSE,FALSE,NA,Dubai
Doreen G. Kessy,839473774789558273,2017-03-08T13:51:59Z,' @CRBarretto @doreenkessy @NishaLigon @FarajaNyalandu @IkuLazaro I celebrate U incredible women bcoz U are #BeBoldForChange #InnovationTZ//t.co/XgL1SkYdLl,FALSE,TRUE,NA,NA
Doreen G. Kessy,826718198372392961,2017-02-01T09:05:52Z,"""Failure is success if we learn from it."" Malcolm Forbes",FALSE,FALSE,NA,NA
Doreen G. Kessy,826166942536974336,2017-01-30T20:35:23Z,"Jesus was a refugee who fled King Herod and found asylum in Egypt, according to Matthew 2:13-17. Good thing Trump wasn't pharaoh.",FALSE,TRUE,NA,NA
Doreen G. Kessy,826166677142401024,2017-01-30T20:34:19Z,"So open your homes, Learn to share what I give, It is through you the lonely Will know I am there #loveandonlylove #Godloves #refugees",FALSE,FALSE,NA,loveandonlylove
Doreen G. Kessy,826166677142401024,2017-01-30T20:34:19Z,"So open your homes, Learn to share what I give, It is through you the lonely Will know I am there #loveandonlylove #Godloves #refugees",FALSE,FALSE,NA,Godloves
Doreen G. Kessy,826166677142401024,2017-01-30T20:34:19Z,"So open your homes, Learn to share what I give, It is through you the lonely Will know I am there #loveandonlylove #Godloves #refugees",FALSE,FALSE,NA,refugees
Doreen G. Kessy,824529387106299904,2017-01-26T08:08:19Z,"""To reach your greatest potential you'll have to fight your greatest fears."" Unknown",FALSE,FALSE,NA,NA
Doreen G. Kessy,822011820093251585,2017-01-19T09:24:24Z,"""Change is the essence of life; be willing to surrender what you are for what you could become."" Reinhold Niebuhr",FALSE,FALSE,NA,NA
Doreen G. Kessy,819519228093071360,2017-01-12T12:19:44Z,"Thank you for everything. My last ask is the same as my first. I'm asking you to believenot in my ability to create change, but in yours.",FALSE,TRUE,NA,NA
Doreen G. Kessy,818856829207937024,2017-01-10T16:27:36Z,@Maips that's right!,FALSE,FALSE,39361954,NA
Doreen G. Kessy,818855285204877317,2017-01-10T16:21:28Z,The attempt to unify an organization by creating a culture is ultimately an exercise of power//t.co/p3W6Ni6zfa,FALSE,TRUE,NA,NA
Doreen G. Kessy,817237886076588033,2017-01-06T05:14:30Z,"Seriously, just log off the Internet. It's a terrible place.//t.co/w4JYDNBYUh",FALSE,TRUE,NA,NA
Doreen G. Kessy,815620157569724416,2017-01-01T18:06:13Z,#HappyNewYear world! May 2017 be the year of #peace and less drama~Everybody calm down,FALSE,FALSE,NA,HappyNewYear
Doreen G. Kessy,815620157569724416,2017-01-01T18:06:13Z,#HappyNewYear world! May 2017 be the year of #peace and less drama~Everybody calm down,FALSE,FALSE,NA,peace
Doreen G. Kessy,815619059060510720,2017-01-01T18:01:51Z,"@OnaStories keep doing the good work, information is power! #InnovateAfrica",FALSE,FALSE,756883941475450880,InnovateAfrica
Doreen G. Kessy,814189690223992832,2016-12-28T19:22:03Z,"@VOAShaka It's not @POTUS job to make Africa a better place. We should not ask or expect anything, much rather complain",FALSE,FALSE,2313819924,NA
Doreen G. Kessy,814188713467138048,2016-12-28T19:18:10Z,On @POTUS legacy in Africa~#America did well for itself by engaging #Africa. #ObamasLegacy @VOAShaka,FALSE,FALSE,NA,America
Doreen G. Kessy,814188713467138048,2016-12-28T19:18:10Z,On @POTUS legacy in Africa~#America did well for itself by engaging #Africa. #ObamasLegacy @VOAShaka,FALSE,FALSE,NA,Africa
Doreen G. Kessy,814188713467138048,2016-12-28T19:18:10Z,On @POTUS legacy in Africa~#America did well for itself by engaging #Africa. #ObamasLegacy @VOAShaka,FALSE,FALSE,NA,ObamasLegacy
Doreen G. Kessy,812654209661333504,2016-12-24T13:40:36Z,"#Santa, take good look at yourself...If you aren't a fraud, I don't know what is! #merrychristmas",FALSE,FALSE,NA,Santa
Doreen G. Kessy,812654209661333504,2016-12-24T13:40:36Z,"#Santa, take good look at yourself...If you aren't a fraud, I don't know what is! #merrychristmas",FALSE,FALSE,NA,merrychristmas
Doreen G. Kessy,810080542641229824,2016-12-17T11:13:46Z,"#freemaxencemelo Sow fear, reap anger. Suppress freedom, obtain silence. When Anger and Silence conspire, anscestors' wrath rains.",FALSE,TRUE,NA,freemaxencemelo
Doreen G. Kessy,810032164679155712,2016-12-17T08:01:32Z,"Yes, freedom of speech is a cornerstone of democracy, our right. #freemaxencemelo//t.co/zOfVqJACuM",TRUE,FALSE,NA,freemaxencemelo
Doreen G. Kessy,809984297407016960,2016-12-17T04:51:19Z,They are playing a #Zika #virus peek-a-boo as if we are a bunch of fools.#zikavirusTanzania//t.co/5swYd0uo9e,TRUE,FALSE,NA,Zika
Doreen G. Kessy,809984297407016960,2016-12-17T04:51:19Z,They are playing a #Zika #virus peek-a-boo as if we are a bunch of fools.#zikavirusTanzania//t.co/5swYd0uo9e,TRUE,FALSE,NA,virus
Doreen G. Kessy,809984297407016960,2016-12-17T04:51:19Z,They are playing a #Zika #virus peek-a-boo as if we are a bunch of fools.#zikavirusTanzania//t.co/5swYd0uo9e,TRUE,FALSE,NA,zikavirusTanzania
Doreen G. Kessy,809850944875859972,2016-12-16T20:01:26Z,"Hebu tafadhalini ipeni hii taarifa muda kidogo, msije mkakurupuka//t.co/kEdgK1TXpM",TRUE,FALSE,NA,NA
Doreen G. Kessy,809849058286256128,2016-12-16T19:53:56Z,School attendance and #learning are not one and the same thing...//t.co/SFCmJ489cb,TRUE,FALSE,NA,learning
Doreen G. Kessy,809064527560056832,2016-12-14T15:56:29Z,Our COO @doreenkessy presents @akiliandme's story at #Unicef70- call to action 4 youth to be #changemaker4children//t.co/3s55I6QtxL,FALSE,TRUE,NA,Unicef70
Doreen G. Kessy,809064527560056832,2016-12-14T15:56:29Z,Our COO @doreenkessy presents @akiliandme's story at #Unicef70- call to action 4 youth to be #changemaker4children//t.co/3s55I6QtxL,FALSE,TRUE,NA,changemaker4children
Doreen G. Kessy,809064398333603841,2016-12-14T15:55:58Z,Hearing #changemaker4children @UBONGOtz @doreenkessy tell the story of Akili & Me #edutainment for school readiness. @HDIFtz #innovationTZ//t.co/vDalHHvtV8,FALSE,TRUE,NA,changemaker4children
Doreen G. Kessy,809064398333603841,2016-12-14T15:55:58Z,Hearing #changemaker4children @UBONGOtz @doreenkessy tell the story of Akili & Me #edutainment for school readiness. @HDIFtz #innovationTZ//t.co/vDalHHvtV8,FALSE,TRUE,NA,edutainment
Doreen G. Kessy,807312772711280640,2016-12-09T19:55:38Z,"This book is making me want to go back to school, but only if I can be taught by teachers who//t.co/kiMCKV7Lx7",FALSE,FALSE,NA,NA
Doreen G. Kessy,795290666590998535,2016-11-06T15:44:05Z,Great fun to have family join me for a night of very special encouragement in Chicago: @UofC alumni professional achievement award.//t.co/AD4ezDIeSk,FALSE,TRUE,NA,NA
Doreen G. Kessy,793727694198468608,2016-11-02T08:13:23Z,@doreenkessy @discopafrica,FALSE,FALSE,485768924,NA
Doreen G. Kessy,793727265184083968,2016-11-02T08:11:41Z,"""I don't believe in fake it until you make it"" Paula Madison of Africa Channel & Tac Studios #womeninmedia #discop",FALSE,FALSE,NA,womeninmedia
Doreen G. Kessy,793727265184083968,2016-11-02T08:11:41Z,"""I don't believe in fake it until you make it"" Paula Madison of Africa Channel & Tac Studios #womeninmedia #discop",FALSE,FALSE,NA,discop
Doreen G. Kessy,793726304868859904,2016-11-02T08:07:52Z,"""You can have it all, but maybe not at the same time"" paula madison #womeninmedia #discop",FALSE,FALSE,NA,womeninmedia
Doreen G. Kessy,793726304868859904,2016-11-02T08:07:52Z,"""You can have it all, but maybe not at the same time"" paula madison #womeninmedia #discop",FALSE,FALSE,NA,discop
Doreen G. Kessy,778621499741769729,2016-09-21T15:46:46Z,Had a great conversations at the UN this morning! One thing to note is that no one has all the//t.co/oIhz0QX0Yl,FALSE,FALSE,NA,NA
Doreen G. Kessy,778603667486302209,2016-09-21T14:35:54Z,.@mvikkula @doreenkessy Njideka Harry and Wanjiru Waweru Waithaka say with new tech girls can do anything. @UN_Women @KaiMykkanen//t.co/h9bbwXn5Js,FALSE,TRUE,NA,NA
Doreen G. Kessy,778603581360467968,2016-09-21T14:35:34Z,Harassment in the workplace and unequal compensation among biggest challenges for women in Tanzania. - @doreenkessy #SHEcan,FALSE,TRUE,NA,SHEcan
Doreen G. Kessy,778603427425296388,2016-09-21T14:34:57Z,I appreciate @doreenkessy talking about the privilege that comes with teaching that it's okay to fail #SHEcan,FALSE,TRUE,NA,SHEcan
Doreen G. Kessy,778602938298236928,2016-09-21T14:33:00Z,"@mvikkula & @doreenkessy - if we want more entrepreneurship, teach kids & young girls to take risks and fail in schools and at home #shecan",FALSE,TRUE,NA,NA
Doreen G. Kessy,778602791795326976,2016-09-21T14:32:25Z,.@doreenkessy tells women that entrepreneurship is powerful. It can help them rise up. #SHEcan #UNGA @un_women @FinlandUN @6GEMS//t.co/FSprAFUFUB,FALSE,TRUE,NA,SHEcan
Doreen G. Kessy,778602791795326976,2016-09-21T14:32:25Z,.@doreenkessy tells women that entrepreneurship is powerful. It can help them rise up. #SHEcan #UNGA @un_women @FinlandUN @6GEMS//t.co/FSprAFUFUB,FALSE,TRUE,NA,UNGA
Doreen G. Kessy,767940773492948992,2016-08-23T04:25:22Z,"The 2014 national electricity rate in Tanzania was 24%, but only 11% in rural areas.//t.co/8MgmXEBJq4",FALSE,TRUE,NA,NA
Doreen G. Kessy,765524670569381888,2016-08-16T12:24:38Z,Coping with the Effects of Emotionally Difficult Work//t.co/bGRU57Lys0,FALSE,TRUE,NA,NA
Doreen G. Kessy,765458095594016768,2016-08-16T08:00:06Z,Looking forward to #DarShapers @doreenkessy @Iantarimo @JEBRAKAMBOLE sharing their journeys to 20 Young Global Pioneers today,FALSE,TRUE,NA,DarShapers
Doreen G. Kessy,751424788367892480,2016-07-08T14:36:45Z,"Finally, we end #childmarriage in #Tanzania. Kudos to @MsichanaUwezo //t.co/a59EksYUWa",TRUE,FALSE,NA,childmarriage
Doreen G. Kessy,751424788367892480,2016-07-08T14:36:45Z,"Finally, we end #childmarriage in #Tanzania. Kudos to @MsichanaUwezo //t.co/a59EksYUWa",TRUE,FALSE,NA,Tanzania
Doreen G. Kessy,719751359252312064,2016-04-12T04:57:51Z,@paulmakonda kwahiyo unamkakati gani wa kusaidia omba omba na kutatua tatizo hili kikamilifu?,FALSE,FALSE,318649911,NA
Doreen G. Kessy,717068601921036288,2016-04-04T19:17:31Z,"What we know matters, but who we are matters more!",FALSE,FALSE,NA,NA
Doreen G. Kessy,715646218651602944,2016-03-31T21:05:29Z,Follow your passion!//t.co/bXgvkRkcLR,TRUE,FALSE,NA,NA
Doreen G. Kessy,714421088298647552,2016-03-28T11:57:15Z,@UBONGOtz & @UbongoKids uses animation to educate kids in Africa and gains a global audience//t.co/1DMZALWCdi,FALSE,FALSE,1461423410,NA
Doreen G. Kessy,714195927532232704,2016-03-27T21:02:32Z,Akili and Me launch a huge success. This weekend was simply amazing!!! #ubongo #edutainment//t.co/sZ3jlCF8wI,FALSE,FALSE,NA,ubongo
Doreen G. Kessy,714195927532232704,2016-03-27T21:02:32Z,Akili and Me launch a huge success. This weekend was simply amazing!!! #ubongo #edutainment//t.co/sZ3jlCF8wI,FALSE,FALSE,NA,edutainment
Doreen G. Kessy,713439423837376512,2016-03-25T18:56:28Z,@ubongotz uses animation for more than just entertainment and gains a global audience//t.co/6d0rQEKzQm #edutainment #edtechinafrica,FALSE,FALSE,1461423410,edutainment
Doreen G. Kessy,713439423837376512,2016-03-25T18:56:28Z,@ubongotz uses animation for more than just entertainment and gains a global audience//t.co/6d0rQEKzQm #edutainment #edtechinafrica,FALSE,FALSE,1461423410,edtechinafrica
Doreen G. Kessy,713342777208217600,2016-03-25T12:32:26Z,Women are leading #InnovationTZ @FarajaNyalandu @Emmakd81 @IkuLazaro @doreenkessy @juliemakani //t.co/9g9xs7pzyb,FALSE,TRUE,NA,InnovationTZ
Doreen G. Kessy,712774168484397056,2016-03-23T22:52:59Z,Save the date! 26 Mar 2016 be @ Coco Beach @ 2pm @UbongoKids Launches #edutainment cartoon Akili & me #funlearning//t.co/rPB9huL82U,FALSE,TRUE,NA,edutainment
Doreen G. Kessy,712774168484397056,2016-03-23T22:52:59Z,Save the date! 26 Mar 2016 be @ Coco Beach @ 2pm @UbongoKids Launches #edutainment cartoon Akili & me #funlearning//t.co/rPB9huL82U,FALSE,TRUE,NA,funlearning
Doreen G. Kessy,710197739443761154,2016-03-16T20:15:10Z,Great interview @doreenkessy!//t.co/HNj6FLavg2 @allafrica @UBONGOtz #edtech #edutainment #Tanzania,FALSE,TRUE,NA,edtech
Doreen G. Kessy,710197739443761154,2016-03-16T20:15:10Z,Great interview @doreenkessy!//t.co/HNj6FLavg2 @allafrica @UBONGOtz #edtech #edutainment #Tanzania,FALSE,TRUE,NA,edutainment
Doreen G. Kessy,710197739443761154,2016-03-16T20:15:10Z,Great interview @doreenkessy!//t.co/HNj6FLavg2 @allafrica @UBONGOtz #edtech #edutainment #Tanzania,FALSE,TRUE,NA,Tanzania
Doreen G. Kessy,710195770469818368,2016-03-16T20:07:21Z,#virtualreality is here to stay! #socool #virtualworld #sxsw #cityride @ Austin Convention Center//t.co/oM0tKaa41S,FALSE,FALSE,NA,virtualreality
Doreen G. Kessy,710195770469818368,2016-03-16T20:07:21Z,#virtualreality is here to stay! #socool #virtualworld #sxsw #cityride @ Austin Convention Center//t.co/oM0tKaa41S,FALSE,FALSE,NA,socool
Doreen G. Kessy,710195770469818368,2016-03-16T20:07:21Z,#virtualreality is here to stay! #socool #virtualworld #sxsw #cityride @ Austin Convention Center//t.co/oM0tKaa41S,FALSE,FALSE,NA,virtualworld
Doreen G. Kessy,710195770469818368,2016-03-16T20:07:21Z,#virtualreality is here to stay! #socool #virtualworld #sxsw #cityride @ Austin Convention Center//t.co/oM0tKaa41S,FALSE,FALSE,NA,sxsw
Doreen G. Kessy,710195770469818368,2016-03-16T20:07:21Z,#virtualreality is here to stay! #socool #virtualworld #sxsw #cityride @ Austin Convention Center//t.co/oM0tKaa41S,FALSE,FALSE,NA,cityride
Doreen G. Kessy,710094588803817472,2016-03-16T13:25:17Z,"We may be young but we are so strong! From the kids of Africa, for the kids of Africa!//t.co/JBlgU6Om0U #childrensrights",FALSE,TRUE,NA,NA
Doreen G. Kessy,709762922843484160,2016-03-15T15:27:22Z,@doreenkessy says Ubungo Kids is the answer//t.co/IfgqiZb1fs via @TheCitizenTZ,FALSE,FALSE,485768924,NA
Doreen G. Kessy,709510707104997377,2016-03-14T22:45:09Z,Thanks to @Jehiel @doreenkessy @jonathanleej @jeancase @UltraRajesh & @annmei for ur work to #EndPoverty #SXgood//t.co/EBjVjqGXIS,FALSE,TRUE,NA,EndPoverty
Doreen G. Kessy,709510707104997377,2016-03-14T22:45:09Z,Thanks to @Jehiel @doreenkessy @jonathanleej @jeancase @UltraRajesh & @annmei for ur work to #EndPoverty #SXgood//t.co/EBjVjqGXIS,FALSE,TRUE,NA,SXgood
Doreen G. Kessy,709506599425937409,2016-03-14T22:28:49Z,"""We have to help kids in Africa fall in love with learning, we can revolutionize learning."" -- @doreenkessy #SXgood #SXSW",FALSE,TRUE,NA,SXgood
Doreen G. Kessy,709506599425937409,2016-03-14T22:28:49Z,"""We have to help kids in Africa fall in love with learning, we can revolutionize learning."" -- @doreenkessy #SXgood #SXSW",FALSE,TRUE,NA,SXSW
Doreen G. Kessy,709506365450887168,2016-03-14T22:27:54Z,"""Education is the most important tool for decreasing poverty."" - @doreenkessy shares how @UBONGOtz can make learning fun #SXgood #SXSW",FALSE,TRUE,NA,NA
Doreen G. Kessy,709429212243820544,2016-03-14T17:21:19Z,"Excited to share ideas today on how to #EndPoverty @ #SXgood w/ @USAID, @UBONGOtz, and @HelloTractor. #SXSW #mHealth//t.co/xu1gVVF4v4",FALSE,TRUE,NA,EndPoverty
Doreen G. Kessy,709429212243820544,2016-03-14T17:21:19Z,"Excited to share ideas today on how to #EndPoverty @ #SXgood w/ @USAID, @UBONGOtz, and @HelloTractor. #SXSW #mHealth//t.co/xu1gVVF4v4",FALSE,TRUE,NA,SXgood
Doreen G. Kessy,709429212243820544,2016-03-14T17:21:19Z,"Excited to share ideas today on how to #EndPoverty @ #SXgood w/ @USAID, @UBONGOtz, and @HelloTractor. #SXSW #mHealth//t.co/xu1gVVF4v4",FALSE,TRUE,NA,SXSW
Doreen G. Kessy,709429212243820544,2016-03-14T17:21:19Z,"Excited to share ideas today on how to #EndPoverty @ #SXgood w/ @USAID, @UBONGOtz, and @HelloTractor. #SXSW #mHealth//t.co/xu1gVVF4v4",FALSE,TRUE,NA,mHealth
Doreen G. Kessy,709429165284401153,2016-03-14T17:21:08Z,ShoutOut to Nigerian based @HelloTractor & Tanzanian based @UBONGOtz. They're pitching today at @USAID's @sxsw Interactive pitch competition,FALSE,TRUE,NA,NA
Doreen G. Kessy,709072071888863232,2016-03-13T17:42:10Z,"Had a great session this morning with @kerrywashington at #sxsw, with a discussion about//t.co/sXkR7jWAJz",FALSE,FALSE,NA,sxsw
Doreen G. Kessy,708889027131236352,2016-03-13T05:34:49Z,"""You can fail at what you don't want, so you might as well take a chance on doing what you love"" @JimCarrey #truth",FALSE,FALSE,NA,truth
Doreen G. Kessy,708821325243158529,2016-03-13T01:05:47Z,Great conversation about #content creation at #sxsw today. Content is about connecting ubongokids//t.co/b5Tt71D1nk,FALSE,FALSE,NA,content
Doreen G. Kessy,708821325243158529,2016-03-13T01:05:47Z,Great conversation about #content creation at #sxsw today. Content is about connecting ubongokids//t.co/b5Tt71D1nk,FALSE,FALSE,NA,sxsw
Doreen G. Kessy,708774616517337088,2016-03-12T22:00:11Z,"""Most of my returns have come from companies run and owned by women"" @kevinolearytv @SharkTankABC #SXSW2016",FALSE,FALSE,NA,SXSW2016
Doreen G. Kessy,708756094655406080,2016-03-12T20:46:35Z,"""If you are gonna be brave, you are gonna get hurt"" @BreneBrown #SXSW",FALSE,FALSE,NA,SXSW
Doreen G. Kessy,708749426861289472,2016-03-12T20:20:05Z,"@BreneBrown says ""if you have no tolerance for failure, you will create nothing new"" #SXSW",FALSE,FALSE,14717311,SXSW
Doreen G. Kessy,708749051949228032,2016-03-12T20:18:36Z,Listening to @BreneBrown speak about #daringgreatly at #SXSW,FALSE,FALSE,NA,daringgreatly
Doreen G. Kessy,708749051949228032,2016-03-12T20:18:36Z,Listening to @BreneBrown speak about #daringgreatly at #SXSW,FALSE,FALSE,NA,SXSW
Doreen G. Kessy,708729842406072320,2016-03-12T19:02:16Z,#SXSW: Meet @doreenkessy from @Ubongotz. Learn how she's edutaining kids across Africa://t.co/qKAgHarF6D #SXgood #EndPoverty,FALSE,TRUE,NA,SXSW
Doreen G. Kessy,708729842406072320,2016-03-12T19:02:16Z,#SXSW: Meet @doreenkessy from @Ubongotz. Learn how she's edutaining kids across Africa://t.co/qKAgHarF6D #SXgood #EndPoverty,FALSE,TRUE,NA,SXgood
Doreen G. Kessy,708729514768015360,2016-03-12T19:00:58Z,Children are our role models #SXSW2016 #Lego,FALSE,FALSE,NA,SXSW2016
Doreen G. Kessy,708729514768015360,2016-03-12T19:00:58Z,Children are our role models #SXSW2016 #Lego,FALSE,FALSE,NA,Lego
Doreen G. Kessy,674985210010841088,2015-12-10T16:13:09Z,Let us stand up for the rights of children with #albinism like Amani this #HumanRightsDay. @Albinism @UNICEFTanzania//t.co/SfnHWWmnRA,FALSE,TRUE,NA,albinism
Doreen G. Kessy,674985210010841088,2015-12-10T16:13:09Z,Let us stand up for the rights of children with #albinism like Amani this #HumanRightsDay. @Albinism @UNICEFTanzania//t.co/SfnHWWmnRA,FALSE,TRUE,NA,HumanRightsDay
Doreen G. Kessy,674983682315276288,2015-12-10T16:07:05Z,We will put our head together! Start a new day! In a new way! - sing-along with the @UbongoKids for #humanrightsday //t.co/22phnWlaYF,FALSE,TRUE,NA,humanrightsday
Doreen G. Kessy,673024941076410368,2015-12-05T06:23:44Z,"""We will make change that goes on and on!"" The @ubongokids sing about how they will make sustainable change! #SDGs//t.co/orAWvCRKKw",FALSE,TRUE,NA,SDGs
Doreen G. Kessy,673024915759628288,2015-12-05T06:23:38Z,"Today on @UbongoKids, the kids present @TheGlobalGoals -""This is our responsibility!"" #kidsstandup #youthempowerment//t.co/Z3IWoBRZei",FALSE,TRUE,NA,kidsstandup
Doreen G. Kessy,673024915759628288,2015-12-05T06:23:38Z,"Today on @UbongoKids, the kids present @TheGlobalGoals -""This is our responsibility!"" #kidsstandup #youthempowerment//t.co/Z3IWoBRZei",FALSE,TRUE,NA,youthempowerment
Doreen G. Kessy,666233128600657920,2015-11-16T12:35:30Z,Meet @doreenkessy @ #Slush2015. Find out how @UBONGOtz makes learning FUN for kids @AttfieldIan @davidBmcginty//t.co/UODegnFGki,FALSE,TRUE,NA,Slush2015
Doreen G. Kessy,664343411076517888,2015-11-11T07:26:26Z,1st day at #Slush2015 in #Helsinki. @UbongoKids @UBONGOtz //t.co/8EwZxMVjZQ,TRUE,FALSE,NA,Slush2015
Doreen G. Kessy,664343411076517888,2015-11-11T07:26:26Z,1st day at #Slush2015 in #Helsinki. @UbongoKids @UBONGOtz //t.co/8EwZxMVjZQ,TRUE,FALSE,NA,Helsinki
Doreen G. Kessy,663692188094713856,2015-11-09T12:18:43Z,Doing good is good business. #uinnovate #UNICEF #unicefsummit//t.co/0nbMvXc0HK,FALSE,FALSE,NA,uinnovate
Doreen G. Kessy,663692188094713856,2015-11-09T12:18:43Z,Doing good is good business. #uinnovate #UNICEF #unicefsummit//t.co/0nbMvXc0HK,FALSE,FALSE,NA,UNICEF
Doreen G. Kessy,663692188094713856,2015-11-09T12:18:43Z,Doing good is good business. #uinnovate #UNICEF #unicefsummit//t.co/0nbMvXc0HK,FALSE,FALSE,NA,unicefsummit
Doreen G. Kessy,662335134750887938,2015-11-05T18:26:16Z,Heartiest congratulations to all the daring entrepreneurs who pitched their amazing innovations @SeedstarsWorld @bunihub today #SSWDar,FALSE,TRUE,NA,NA
Doreen G. Kessy,657484068620214272,2015-10-23T09:09:52Z,"""Courage doesn't always roar. Sometimes courage is the quiet voice at the end of the day whispering, 'I will try again tomorrow.'"" @MRad",FALSE,FALSE,NA,NA
Doreen G. Kessy,655782669100404736,2015-10-18T16:29:06Z,20 reasons to visit Tanzania now://t.co/myqPqBRJgA//t.co/Q8NN1yeLNe,FALSE,TRUE,NA,NA
Doreen G. Kessy,655727729422311424,2015-10-18T12:50:48Z,55% of kids in primary school in Tanzania don't own a single textbook. #Mkikimkiki,FALSE,FALSE,NA,Mkikimkiki
Doreen G. Kessy,655726180558090240,2015-10-18T12:44:38Z,It seems as though Anna Mghwira is the only one with a plan here.#mkikimkiki,FALSE,FALSE,NA,mkikimkiki
Doreen G. Kessy,655725523323219968,2015-10-18T12:42:02Z,"""Wateja wa viungo vya albino ni vigogo"" Mh. Maxmilian Lyimo #Mkikimkiki",FALSE,FALSE,NA,Mkikimkiki
Doreen G. Kessy,655723280859533313,2015-10-18T12:33:07Z,"Mabadiliko yatakuja vipi wakati mfumo mzima umeoza? Lazima mfumo ubadilike, tuanze na katiba. #Mkikimkiki",FALSE,FALSE,NA,Mkikimkiki
Doreen G. Kessy,655718035135811585,2015-10-18T12:12:16Z,"Sir, why do you need to hold a stick while you speak?~Maxmilian Lyimo #Mkikimkiki",FALSE,FALSE,NA,Mkikimkiki
Doreen G. Kessy,655716239206150144,2015-10-18T12:05:08Z,Anna Mghwira has done a great job answering questions #Mkikimkiki,FALSE,FALSE,NA,Mkikimkiki
Doreen G. Kessy,655712777840009217,2015-10-18T11:51:23Z,Watanzania wanahitaji viongozi na sio watawala #Mkikimkiki,FALSE,FALSE,NA,Mkikimkiki
Doreen G. Kessy,655711990514601985,2015-10-18T11:48:15Z,Inaonyesha character ya mtu ilivyo pale ambapo anasema haji kwenye mdahalo Dakika 45 kabla. #Mkikimkiki,FALSE,FALSE,NA,Mkikimkiki
Doreen G. Kessy,655710705396633600,2015-10-18T11:43:09Z,"Watanzania wanataka kujua wagombea wenyewe ni watu wa namna gani, sio tu wako Chama gani#Mkikimkiki #TanzaniaElections",FALSE,FALSE,NA,TanzaniaElections
Doreen G. Kessy,652475786000248832,2015-10-09T13:28:44Z,@Raheela_M starts with area code +255,FALSE,FALSE,335860992,NA
Doreen G. Kessy,652430266271711233,2015-10-09T10:27:51Z,Our grantees @FarajaNyalandu of @ShuleDirect & @doreenkessy of @UBONGOtz will join @SlushHQ this year #InnovationTZ!//t.co/3l4O0rl2Sb,FALSE,TRUE,NA,InnovationTZ
Doreen G. Kessy,652389162306392064,2015-10-09T07:44:31Z,@Raheela_M my number 0684 481993,FALSE,FALSE,335860992,NA
Doreen G. Kessy,651747341217701892,2015-10-07T13:14:09Z,Seedstars World opens applications for Tanzania competition//t.co/fJXIh2j1x0 @SeedstarsWorld @bunihub,FALSE,TRUE,NA,NA
Doreen G. Kessy,651747284556845056,2015-10-07T13:13:56Z,We're at the #DES2015 - Digital Education Show #africa. Find us to chat #funlearning and #educartoons! #Elearning #ict4e,FALSE,TRUE,NA,DES2015
Doreen G. Kessy,651747284556845056,2015-10-07T13:13:56Z,We're at the #DES2015 - Digital Education Show #africa. Find us to chat #funlearning and #educartoons! #Elearning #ict4e,FALSE,TRUE,NA,africa
Doreen G. Kessy,651747284556845056,2015-10-07T13:13:56Z,We're at the #DES2015 - Digital Education Show #africa. Find us to chat #funlearning and #educartoons! #Elearning #ict4e,FALSE,TRUE,NA,funlearning
Doreen G. Kessy,651747284556845056,2015-10-07T13:13:56Z,We're at the #DES2015 - Digital Education Show #africa. Find us to chat #funlearning and #educartoons! #Elearning #ict4e,FALSE,TRUE,NA,educartoons
Doreen G. Kessy,651747284556845056,2015-10-07T13:13:56Z,We're at the #DES2015 - Digital Education Show #africa. Find us to chat #funlearning and #educartoons! #Elearning #ict4e,FALSE,TRUE,NA,Elearning
Doreen G. Kessy,651747284556845056,2015-10-07T13:13:56Z,We're at the #DES2015 - Digital Education Show #africa. Find us to chat #funlearning and #educartoons! #Elearning #ict4e,FALSE,TRUE,NA,ict4e
Doreen G. Kessy,649498668719034368,2015-10-01T08:18:44Z,Catch @TEDxIlala speaker Doreen Kessey at #PechaKucha Dar tonight! @doreenkessy @UBONGOtz//t.co/CYmCuu3NA6,FALSE,TRUE,NA,PechaKucha
Doreen G. Kessy,640803331368189952,2015-09-07T08:26:34Z,#TEDxIlala speakers @doreenkessy @AskwarHilonga & @tulanana reveal their biggest biz mistakes//t.co/4b7WhUTVHT @TEDxIlala,FALSE,TRUE,NA,TEDxIlala
Doreen G. Kessy,640795759558938624,2015-09-07T07:56:29Z,Doreen Kessy sharing her learning experience in Iringa with #TEDxIlala and how it was not encouraging for students.//t.co/C7p0ePCjrY,FALSE,TRUE,NA,TEDxIlala
Doreen G. Kessy,640076739209744384,2015-09-05T08:19:21Z,Very impressive speakers!! Honored to be apart of #TEDxIlala #TedxIlala @TEDxIlala @doreenkessy @UBONGOtz//t.co/rQAOPrZ8at,FALSE,TRUE,NA,TEDxIlala
Doreen G. Kessy,640076739209744384,2015-09-05T08:19:21Z,Very impressive speakers!! Honored to be apart of #TEDxIlala #TedxIlala @TEDxIlala @doreenkessy @UBONGOtz//t.co/rQAOPrZ8at,FALSE,TRUE,NA,TedxIlala
Doreen G. Kessy,640072737524969472,2015-09-05T08:03:27Z,@helenagoldon we are working on that now as we develop a new show that will be teaching English as a second language.,FALSE,FALSE,48989404,NA
Doreen G. Kessy,640072140730015744,2015-09-05T08:01:04Z,Powerful talk by @doreenkessy of @UBONGOtz about the impact of fun learning on kids' education,FALSE,TRUE,NA,NA
Doreen G. Kessy,639383563847254016,2015-09-03T10:24:55Z,"#TEDxIlala speakers @doreenkessy @AskwarHilonga & @tulanana speak to @AkilahNet about what to expect, come read//t.co/w5vVam8ze3",FALSE,TRUE,NA,TEDxIlala
Doreen G. Kessy,639381920594460672,2015-09-03T10:18:23Z,@AkilahNet Thank you!,FALSE,FALSE,2812631425,NA
Doreen G. Kessy,639381704080232448,2015-09-03T10:17:32Z,I'll be speaking at @TEDxIlala. To know what to expect read//t.co/l5zezigq8i,FALSE,FALSE,NA,NA
Doreen G. Kessy,639379543090987008,2015-09-03T10:08:56Z,"@AkilahNet great article!!. I'd like to point out that I'm COO at Ubongo,and not CEO.",FALSE,FALSE,2812631425,NA
Doreen G. Kessy,631163788746706944,2015-08-11T18:02:28Z,"""Success is the ability to go from failure to failure without losing your enthusiasm."" Winston Churchill via @momentumdash",FALSE,FALSE,NA,NA
Doreen G. Kessy,627817479579041794,2015-08-02T12:25:26Z,Read about us on the Forbes blog//t.co/Jc5izrjbzN #edutainment #africa #education,FALSE,TRUE,NA,edutainment
Doreen G. Kessy,627817479579041794,2015-08-02T12:25:26Z,Read about us on the Forbes blog//t.co/Jc5izrjbzN #edutainment #africa #education,FALSE,TRUE,NA,africa
Doreen G. Kessy,627817479579041794,2015-08-02T12:25:26Z,Read about us on the Forbes blog//t.co/Jc5izrjbzN #edutainment #africa #education,FALSE,TRUE,NA,education
Doreen G. Kessy,624955820636250112,2015-07-25T14:54:13Z,African businesses invite American leaders to spend 6 months working in Africa #AfricaBusinessFellowship #GES2015//t.co/hSl43xdcml,FALSE,TRUE,NA,AfricaBusinessFellowship
Doreen G. Kessy,624955820636250112,2015-07-25T14:54:13Z,African businesses invite American leaders to spend 6 months working in Africa #AfricaBusinessFellowship #GES2015//t.co/hSl43xdcml,FALSE,TRUE,NA,GES2015
Doreen G. Kessy,624955717372506112,2015-07-25T14:53:48Z,"""Entrepreneurs can now compete anywhere in the world"" @BarackObama #GES2015 #RiseOfRest @ United//t.co/JdKoLELFun",FALSE,TRUE,NA,GES2015
Doreen G. Kessy,624955717372506112,2015-07-25T14:53:48Z,"""Entrepreneurs can now compete anywhere in the world"" @BarackObama #GES2015 #RiseOfRest @ United//t.co/JdKoLELFun",FALSE,TRUE,NA,RiseOfRest
Doreen G. Kessy,624955657045843968,2015-07-25T14:53:34Z,Proud of @Mara_Mentor announcing to empower 1 million #entrepreneurs in East #Africa at the #GES2015 #GES2015Kenya//t.co/DTziv66rFQ,FALSE,TRUE,NA,NA
Doreen G. Kessy,624955338660446208,2015-07-25T14:52:18Z,"We're excited to announce $13.2M in commitments to @VilCapInvest, world's largest peer selected fund #GES2015//t.co/oJmp9MZV7k",FALSE,TRUE,NA,GES2015
Doreen G. Kessy,624954166713143297,2015-07-25T14:47:39Z,As an entrepreneur I believe our biggest challenge is to find a solution how budding entrepreneurs can easily access capital #GES2015Kenya,FALSE,TRUE,NA,NA
Doreen G. Kessy,624954025973293056,2015-07-25T14:47:05Z,Want to change the world? Become an entrepreneur://t.co/G4fOBtQXDM #GES2015Kenya #CNNAfrica//t.co/q17NpObBkb,FALSE,TRUE,NA,GES2015Kenya
Doreen G. Kessy,624954025973293056,2015-07-25T14:47:05Z,Want to change the world? Become an entrepreneur://t.co/G4fOBtQXDM #GES2015Kenya #CNNAfrica//t.co/q17NpObBkb,FALSE,TRUE,NA,CNNAfrica
Doreen G. Kessy,624953806783180801,2015-07-25T14:46:13Z,"Govts need to ensure transparency, rule of law, anti corruption for entrepreneurs to flourish @BarackObama #GES2015Kenya",FALSE,TRUE,NA,NA
Doreen G. Kessy,624953725858263042,2015-07-25T14:45:53Z,"Obama: ""Women are powerhouse entrepreneurs. When women succeed, they invest more in their families and communities. #GES2015Kenya #TheTruth",FALSE,TRUE,NA,NA
Doreen G. Kessy,624953685920104448,2015-07-25T14:45:44Z,Obama: you can't win if half the team is not playing. We need to include women. #GES2015Kenya//t.co/KnJf4Vncgv,FALSE,TRUE,NA,GES2015Kenya
Doreen G. Kessy,624953614721794048,2015-07-25T14:45:27Z,"""Africa is on the move. Africa is one of the fastest growing regions in the world,"" @BarackObama told #GES2015Kenya//t.co/WwCGGs0orV",FALSE,TRUE,NA,GES2015Kenya
Doreen G. Kessy,624259369996263424,2015-07-23T16:46:46Z,"""The Woman entrepreneur is the heart beat of entrepreneurship in Africa"" says @StriveMasiyiwa #GES2015Kenya #AfricaRising #Nairobi",FALSE,FALSE,NA,GES2015Kenya
Doreen G. Kessy,624259369996263424,2015-07-23T16:46:46Z,"""The Woman entrepreneur is the heart beat of entrepreneurship in Africa"" says @StriveMasiyiwa #GES2015Kenya #AfricaRising #Nairobi",FALSE,FALSE,NA,AfricaRising
Doreen G. Kessy,624259369996263424,2015-07-23T16:46:46Z,"""The Woman entrepreneur is the heart beat of entrepreneurship in Africa"" says @StriveMasiyiwa #GES2015Kenya #AfricaRising #Nairobi",FALSE,FALSE,NA,Nairobi
Doreen G. Kessy,620206781235531776,2015-07-12T12:23:14Z,Mbona Kama mgombea umakamu wa raisi ni wa kusukumiziwa? Something smells fishy. @ccm_tanzania #ccmpresidentialpick @ChangeTanzania,FALSE,FALSE,NA,ccmpresidentialpick
Doreen G. Kessy,620200481999163392,2015-07-12T11:58:12Z,"""Nilifundishwa na mwanamke"" @JohnMagufuli #girlpower #ccmpresidentialpick",FALSE,FALSE,NA,girlpower
Doreen G. Kessy,620200481999163392,2015-07-12T11:58:12Z,"""Nilifundishwa na mwanamke"" @JohnMagufuli #girlpower #ccmpresidentialpick",FALSE,FALSE,NA,ccmpresidentialpick
Doreen G. Kessy,619973262207025153,2015-07-11T20:55:18Z,"@AshaRoseMigiro well said, straight to the point. She doesn't have to beg. Got questions, go ahead and Google her #ccmpresidentialpick",FALSE,FALSE,712349598,ccmpresidentialpick
Doreen G. Kessy,619948316424577028,2015-07-11T19:16:11Z,@ccm_tanzania malizeni Jamani tukalale arrrgh #ccm #dodoma #tanzaniaelections #ccmpresidentialpick,FALSE,FALSE,266127553,ccm
Doreen G. Kessy,619948316424577028,2015-07-11T19:16:11Z,@ccm_tanzania malizeni Jamani tukalale arrrgh #ccm #dodoma #tanzaniaelections #ccmpresidentialpick,FALSE,FALSE,266127553,dodoma
Doreen G. Kessy,619948316424577028,2015-07-11T19:16:11Z,@ccm_tanzania malizeni Jamani tukalale arrrgh #ccm #dodoma #tanzaniaelections #ccmpresidentialpick,FALSE,FALSE,266127553,tanzaniaelections
Doreen G. Kessy,619948316424577028,2015-07-11T19:16:11Z,@ccm_tanzania malizeni Jamani tukalale arrrgh #ccm #dodoma #tanzaniaelections #ccmpresidentialpick,FALSE,FALSE,266127553,ccmpresidentialpick
Doreen G. Kessy,619944735910850560,2015-07-11T19:01:57Z,"@ccm_tanzania tuchagulieni kiongozi anayeelewa njia za kukuza uchumi, na sio anayependa misaada tu. #CCM #ccmcandidate #tanzaniaelections",FALSE,FALSE,266127553,CCM
Doreen G. Kessy,619944735910850560,2015-07-11T19:01:57Z,"@ccm_tanzania tuchagulieni kiongozi anayeelewa njia za kukuza uchumi, na sio anayependa misaada tu. #CCM #ccmcandidate #tanzaniaelections",FALSE,FALSE,266127553,ccmcandidate
Doreen G. Kessy,619944735910850560,2015-07-11T19:01:57Z,"@ccm_tanzania tuchagulieni kiongozi anayeelewa njia za kukuza uchumi, na sio anayependa misaada tu. #CCM #ccmcandidate #tanzaniaelections",FALSE,FALSE,266127553,tanzaniaelections
Doreen G. Kessy,619939955998093316,2015-07-11T18:42:58Z,Mchanguni @AshaRoseMigiro mambo yabadilike #Tanzania. #ccmpresidentialpick #ccm,FALSE,FALSE,NA,Tanzania
Doreen G. Kessy,619939955998093316,2015-07-11T18:42:58Z,Mchanguni @AshaRoseMigiro mambo yabadilike #Tanzania. #ccmpresidentialpick #ccm,FALSE,FALSE,NA,ccmpresidentialpick
Doreen G. Kessy,619939955998093316,2015-07-11T18:42:58Z,Mchanguni @AshaRoseMigiro mambo yabadilike #Tanzania. #ccmpresidentialpick #ccm,FALSE,FALSE,NA,ccm
Doreen G. Kessy,619937073236086784,2015-07-11T18:31:30Z,#Tanzania is ready for a woman president @AshaRoseMigiro!!!#tanzaniaelections #ccm #ccmcandidate,FALSE,FALSE,NA,Tanzania
Doreen G. Kessy,619937073236086784,2015-07-11T18:31:30Z,#Tanzania is ready for a woman president @AshaRoseMigiro!!!#tanzaniaelections #ccm #ccmcandidate,FALSE,FALSE,NA,tanzaniaelections
Doreen G. Kessy,619937073236086784,2015-07-11T18:31:30Z,#Tanzania is ready for a woman president @AshaRoseMigiro!!!#tanzaniaelections #ccm #ccmcandidate,FALSE,FALSE,NA,ccm
Doreen G. Kessy,619937073236086784,2015-07-11T18:31:30Z,#Tanzania is ready for a woman president @AshaRoseMigiro!!!#tanzaniaelections #ccm #ccmcandidate,FALSE,FALSE,NA,ccmcandidate
Doreen G. Kessy,609428395991138304,2015-06-12T18:33:46Z,@Johanespeter9 @bunihub @doreenkessy concentrate on product & traction- then right investors will come to you!,FALSE,TRUE,NA,NA
Doreen G. Kessy,609407945307197442,2015-06-12T17:12:31Z,Focus on your product and customer know your numbers @doreenkessy @UbongoKids #BuniTalk @bunihub @costechTANZANIA @ZalendoTalks,FALSE,TRUE,NA,BuniTalk
Doreen G. Kessy,606538252573679617,2015-06-04T19:09:23Z,#Mauritius designates first woman president://t.co/8SVSb0gvFy via @YahooNews,FALSE,TRUE,NA,Mauritius
Doreen G. Kessy,605386993036574720,2015-06-01T14:54:41Z,Tanzania: How is it seriously possible to resign from government in a serious corruption scandal and then stand for president. #lowasa,FALSE,TRUE,NA,NA
Doreen G. Kessy,604195348161171456,2015-05-29T07:59:31Z,"""Terms matter way more than valuations"" says @HeidiRoizen//t.co/HPPH9qOFmV",FALSE,FALSE,NA,NA
Doreen G. Kessy,604019738692472832,2015-05-28T20:21:42Z,"If you start off thinking about being likable, you're not going to tell your story honestly. Chimamanda Ngozi Adichie//t.co/156n6uYVi5",FALSE,FALSE,NA,NA
Doreen G. Kessy,603893482890076160,2015-05-28T12:00:00Z,I love working at @UBONGOtz!//t.co/662STkloaq,TRUE,FALSE,NA,NA
Doreen G. Kessy,603891161636343809,2015-05-28T11:50:47Z,@ubongotz at number one. 6 Most Inspiring Companies to Work For in East Africa @AkilahNet//t.co/rTorZYBpI3,FALSE,FALSE,1461423410,NA
Doreen G. Kessy,603791063271235584,2015-05-28T05:13:02Z,@Sudhanidhi Thank you!,FALSE,FALSE,1331917046,NA
Doreen G. Kessy,603593301883772929,2015-05-27T16:07:12Z,"""What are the most powerful words in the universe? The ones you use to talk to yourself."" @Notsalmon via @momentumdash",FALSE,FALSE,NA,NA
Doreen G. Kessy,603315914310836224,2015-05-26T21:44:57Z,1B people live on less than $1.25 a day. We can change that. Together we can #endpoverty by 2030. Follow us!//t.co/Fflk0Snf3U,FALSE,TRUE,NA,endpoverty
Doreen G. Kessy,602538303271874561,2015-05-24T18:15:00Z,"That's right! @reidhoffman ""The biggest lie is that the employment relationship is like family""//t.co/q7AlPGtx8T",FALSE,FALSE,NA,NA
Doreen G. Kessy,602483243951194113,2015-05-24T14:36:13Z,"""Go confidently in the direction of your dreams. Live the life you have imagined."" Henry David Thoreau via @momentumdash",FALSE,FALSE,NA,NA
Doreen G. Kessy,560539645810049025,2015-01-28T20:47:20Z,#5millionwords - @propagatevocab are going to teach 5000 underperforming students 10 words a day! Closing the vocab gap!,FALSE,TRUE,NA,5millionwords
Doreen G. Kessy,560531168836468736,2015-01-28T20:13:39Z,"So glad that @FLOTUS did not wear a scarf during her visit to @SaudiArabia. Why should she? I say, ""When in Rome, do you boo!""",FALSE,FALSE,NA,NA
Doreen G. Kessy,560522775384043520,2015-01-28T19:40:18Z,"@321eLearning @OpenAssemblyEdu @CuriousBee_ @propagatevocab @edconnective @justmaybechris off plane, on bus, 2 train//t.co/VwXVVYLyM9",FALSE,TRUE,NA,NA
Doreen G. Kessy,557808998951710720,2015-01-21T07:56:43Z,"""Failure is a success if you learn from it"" Unknown",FALSE,FALSE,NA,NA
Doreen G. Kessy,516966503602999296,2014-09-30T15:03:13Z,Looking forward to @SlushHQ with @doreenkessy @d_blomquist @laurijarvilehto @mpstaton @kuuskma & AngryBirds creator Sanna Lukander& W Bender,FALSE,TRUE,NA,NA
Doreen G. Kessy,435411799975149568,2014-02-17T13:53:57Z,Feeling happy like a room without a roof!,FALSE,FALSE,NA,NA
Doreen G. Kessy,394280972096512000,2013-10-27T01:54:43Z,The GOOD Pioneers of Health: Africa Edition //t.co/EGmMQdcpcG,FALSE,FALSE,NA,NA
Doreen G. Kessy,388285999719383040,2013-10-10T12:52:50Z,- A mosquito net can make a world of a difference. #WHO @buildhopedrc #FightMalaria #RallyforCongo #preventable,FALSE,FALSE,NA,WHO
Doreen G. Kessy,388285999719383040,2013-10-10T12:52:50Z,- A mosquito net can make a world of a difference. #WHO @buildhopedrc #FightMalaria #RallyforCongo #preventable,FALSE,FALSE,NA,FightMalaria
Doreen G. Kessy,388285999719383040,2013-10-10T12:52:50Z,- A mosquito net can make a world of a difference. #WHO @buildhopedrc #FightMalaria #RallyforCongo #preventable,FALSE,FALSE,NA,RallyforCongo
Doreen G. Kessy,388285999719383040,2013-10-10T12:52:50Z,- A mosquito net can make a world of a difference. #WHO @buildhopedrc #FightMalaria #RallyforCongo #preventable,FALSE,FALSE,NA,preventable
Doreen G. Kessy,388285699109453824,2013-10-10T12:51:39Z,- Pregnant women are particularly at risk of malaria #WHO @buildhopedrc #FightMalaria #RallyforCongo #Preventable #Maternalhealth,FALSE,FALSE,NA,WHO
Doreen G. Kessy,388285699109453824,2013-10-10T12:51:39Z,- Pregnant women are particularly at risk of malaria #WHO @buildhopedrc #FightMalaria #RallyforCongo #Preventable #Maternalhealth,FALSE,FALSE,NA,FightMalaria
Doreen G. Kessy,388285699109453824,2013-10-10T12:51:39Z,- Pregnant women are particularly at risk of malaria #WHO @buildhopedrc #FightMalaria #RallyforCongo #Preventable #Maternalhealth,FALSE,FALSE,NA,RallyforCongo
Doreen G. Kessy,388285699109453824,2013-10-10T12:51:39Z,- Pregnant women are particularly at risk of malaria #WHO @buildhopedrc #FightMalaria #RallyforCongo #Preventable #Maternalhealth,FALSE,FALSE,NA,Preventable
Doreen G. Kessy,388285699109453824,2013-10-10T12:51:39Z,- Pregnant women are particularly at risk of malaria #WHO @buildhopedrc #FightMalaria #RallyforCongo #Preventable #Maternalhealth,FALSE,FALSE,NA,Maternalhealth
Doreen G. Kessy,388284417141395456,2013-10-10T12:46:33Z,- Sleeping under long-lasting insecticidal nets protects against malaria. #WHO @buildhopedrc #FightMalaria #RallyforCongo,FALSE,FALSE,NA,WHO
Doreen G. Kessy,388284417141395456,2013-10-10T12:46:33Z,- Sleeping under long-lasting insecticidal nets protects against malaria. #WHO @buildhopedrc #FightMalaria #RallyforCongo,FALSE,FALSE,NA,FightMalaria
Doreen G. Kessy,388284417141395456,2013-10-10T12:46:33Z,- Sleeping under long-lasting insecticidal nets protects against malaria. #WHO @buildhopedrc #FightMalaria #RallyforCongo,FALSE,FALSE,NA,RallyforCongo
Doreen G. Kessy,388284137532321792,2013-10-10T12:45:27Z,- Early diagnosis and prompt treatment of malaria prevents deaths. #WHO @buildhopedrc #FightMalaria #RallyforCongo #Preventable,FALSE,FALSE,NA,WHO
Doreen G. Kessy,388284137532321792,2013-10-10T12:45:27Z,- Early diagnosis and prompt treatment of malaria prevents deaths. #WHO @buildhopedrc #FightMalaria #RallyforCongo #Preventable,FALSE,FALSE,NA,FightMalaria
Doreen G. Kessy,388284137532321792,2013-10-10T12:45:27Z,- Early diagnosis and prompt treatment of malaria prevents deaths. #WHO @buildhopedrc #FightMalaria #RallyforCongo #Preventable,FALSE,FALSE,NA,RallyforCongo
Doreen G. Kessy,388284137532321792,2013-10-10T12:45:27Z,- Early diagnosis and prompt treatment of malaria prevents deaths. #WHO @buildhopedrc #FightMalaria #RallyforCongo #Preventable,FALSE,FALSE,NA,Preventable
Doreen G. Kessy,388283966568267776,2013-10-10T12:44:46Z,Malaria parasites are transmitted to people thru the bites of infected mosquitoes #WHO @buildhopedrc #FightMalaria #RallyforCongo,FALSE,FALSE,NA,WHO
Doreen G. Kessy,388283966568267776,2013-10-10T12:44:46Z,Malaria parasites are transmitted to people thru the bites of infected mosquitoes #WHO @buildhopedrc #FightMalaria #RallyforCongo,FALSE,FALSE,NA,FightMalaria
Doreen G. Kessy,388283966568267776,2013-10-10T12:44:46Z,Malaria parasites are transmitted to people thru the bites of infected mosquitoes #WHO @buildhopedrc #FightMalaria #RallyforCongo,FALSE,FALSE,NA,RallyforCongo
Doreen G. Kessy,388283022388510721,2013-10-10T12:41:01Z,- Over 400 children die every day in the DRC and almost half of them from Malaria #WHO @buildhopedrc #FightMalaria #RallyforCongo,FALSE,FALSE,NA,WHO
Doreen G. Kessy,388283022388510721,2013-10-10T12:41:01Z,- Over 400 children die every day in the DRC and almost half of them from Malaria #WHO @buildhopedrc #FightMalaria #RallyforCongo,FALSE,FALSE,NA,FightMalaria
Doreen G. Kessy,388283022388510721,2013-10-10T12:41:01Z,- Over 400 children die every day in the DRC and almost half of them from Malaria #WHO @buildhopedrc #FightMalaria #RallyforCongo,FALSE,FALSE,NA,RallyforCongo
Doreen G. Kessy,385449262064365568,2013-10-02T17:00:40Z,Take one day at a time!#stressfree,FALSE,FALSE,NA,stressfree
Doreen G. Kessy,385124683365904384,2013-10-01T19:30:54Z,Government #shutdown!!??? Come to think of it....governments in most #African countries operate as if they are shutdown all year long.,FALSE,FALSE,NA,shutdown
Doreen G. Kessy,385124683365904384,2013-10-01T19:30:54Z,Government #shutdown!!??? Come to think of it....governments in most #African countries operate as if they are shutdown all year long.,FALSE,FALSE,NA,African
Doreen G. Kessy,382611131694452736,2013-09-24T21:02:57Z,President of Iran speaking @UN assembly!,FALSE,FALSE,NA,NA
Doreen G. Kessy,382610741427064832,2013-09-24T21:01:23Z,I dream of the world where the weak can become strong #EllenJohnsonSirleaf #UN assembly,FALSE,FALSE,NA,EllenJohnsonSirleaf
Doreen G. Kessy,382610741427064832,2013-09-24T21:01:23Z,I dream of the world where the weak can become strong #EllenJohnsonSirleaf #UN assembly,FALSE,FALSE,NA,UN
Doreen G. Kessy,382610413025628160,2013-09-24T21:00:05Z,Watching @UN assembly.,FALSE,FALSE,NA,NA
Doreen G. Kessy,382610084913610752,2013-09-24T20:58:47Z,Is #Mugabe attending the #UNAssembly?,FALSE,FALSE,NA,Mugabe
Doreen G. Kessy,382610084913610752,2013-09-24T20:58:47Z,Is #Mugabe attending the #UNAssembly?,FALSE,FALSE,NA,UNAssembly
Doreen G. Kessy,382609925915934720,2013-09-24T20:58:09Z,Ellen Johnson Sirleaf is owning it #UNassembly,FALSE,FALSE,NA,UNassembly
Doreen G. Kessy,382550903464554496,2013-09-24T17:03:37Z,Waiting Has Been My Blessing//t.co/CdcMI8wcVz,FALSE,FALSE,NA,NA
Doreen G. Kessy,381180114236481537,2013-09-20T22:16:35Z,"#tmobile has the worst customer service, seriously!!",FALSE,FALSE,NA,tmobile
Doreen G. Kessy,381118867994861568,2013-09-20T18:13:13Z,Positive Thinking and Performance//t.co/u3LKpfMIlY,FALSE,FALSE,NA,NA
Doreen G. Kessy,380543946478587904,2013-09-19T04:08:41Z,Write your plans in pencil and remember #God has an eraser.,FALSE,FALSE,NA,God
Doreen G. Kessy,380193426073223168,2013-09-18T04:55:51Z,"In a garden of Gods grace, even a broken tree bears fruit.",FALSE,FALSE,NA,NA
Doreen G. Kessy,380191477986365440,2013-09-18T04:48:06Z,@Maips choose joy:),FALSE,FALSE,39361954,NA
Doreen G. Kessy,380188917330243585,2013-09-18T04:37:56Z,Choose joy#RickWarren,FALSE,FALSE,NA,NA
Doreen G. Kessy,380188600219881472,2013-09-18T04:36:40Z,#god has a plan.,FALSE,FALSE,NA,god
Doreen G. Kessy,379696751005151232,2013-09-16T20:02:14Z,"Okay, calm down, sit down and breathe. Indians are not Arabs and Arabs are not Indians! #MissAmerica",FALSE,FALSE,NA,MissAmerica
Doreen G. Kessy,379667634675277824,2013-09-16T18:06:32Z,The best way to live your life is to invest it in that which will outlast it.//t.co/gPs56CYfCC,FALSE,FALSE,NA,NA
Doreen G. Kessy,379366427624734720,2013-09-15T22:09:39Z,Listening to pastor #rickwarren,FALSE,FALSE,NA,rickwarren
Doreen G. Kessy,379365945010974720,2013-09-15T22:07:44Z,The privilege of a lifetime is to be who you are. #Lifeclass,FALSE,FALSE,NA,Lifeclass
Doreen G. Kessy,379365426376888320,2013-09-15T22:05:40Z,"I can't control everything that happens to me, but I can control everything that happens in me.#truth",FALSE,FALSE,NA,truth
Doreen G. Kessy,379032622108004353,2013-09-15T00:03:13Z,When God Says No!//t.co/KyeXHowKT2,FALSE,FALSE,NA,NA
Doreen G. Kessy,378629048022220800,2013-09-13T21:19:34Z,Rocking #shorthairdontcare. Gotta own it#naturalhair//t.co/RdUrjrAoZZ,FALSE,FALSE,NA,shorthairdontcare
Doreen G. Kessy,378627999282630656,2013-09-13T21:15:24Z,"A system that cannot save its poor, cannot save its rich on the day of reckoning #endpoverty #Africa #sustainability",FALSE,FALSE,NA,endpoverty
Doreen G. Kessy,378627999282630656,2013-09-13T21:15:24Z,"A system that cannot save its poor, cannot save its rich on the day of reckoning #endpoverty #Africa #sustainability",FALSE,FALSE,NA,Africa
Doreen G. Kessy,378627999282630656,2013-09-13T21:15:24Z,"A system that cannot save its poor, cannot save its rich on the day of reckoning #endpoverty #Africa #sustainability",FALSE,FALSE,NA,sustainability
Doreen G. Kessy,378627411912323072,2013-09-13T21:13:04Z,This is a good time for Africa #AfricanFashion #African #development #African-voices,FALSE,FALSE,NA,AfricanFashion
Doreen G. Kessy,378627411912323072,2013-09-13T21:13:04Z,This is a good time for Africa #AfricanFashion #African #development #African-voices,FALSE,FALSE,NA,African
Doreen G. Kessy,378627411912323072,2013-09-13T21:13:04Z,This is a good time for Africa #AfricanFashion #African #development #African-voices,FALSE,FALSE,NA,development
Doreen G. Kessy,378627411912323072,2013-09-13T21:13:04Z,This is a good time for Africa #AfricanFashion #African #development #African-voices,FALSE,FALSE,NA,African
Doreen G. Kessy,378550799959216129,2013-09-13T16:08:38Z,"Women in the DRC are not just statistics, they are real people, facing real challenges!#congo #DRC #fightforcongo",FALSE,FALSE,NA,congo
Doreen G. Kessy,378550799959216129,2013-09-13T16:08:38Z,"Women in the DRC are not just statistics, they are real people, facing real challenges!#congo #DRC #fightforcongo",FALSE,FALSE,NA,DRC
Doreen G. Kessy,378550799959216129,2013-09-13T16:08:38Z,"Women in the DRC are not just statistics, they are real people, facing real challenges!#congo #DRC #fightforcongo",FALSE,FALSE,NA,fightforcongo
Doreen G. Kessy,378284884730454016,2013-09-12T22:31:59Z,Lessons I Have learned So Far//t.co/auZOTWw2VY,FALSE,FALSE,NA,NA
Doreen G. Kessy,377551668272844800,2013-09-10T21:58:26Z,//t.co/ahJQrD1VB3 #Congo,FALSE,FALSE,NA,Congo
Doreen G. Kessy,377171451045879808,2013-09-09T20:47:36Z,//t.co/EsyUMYzOXt #peace #Congo #Africa,FALSE,FALSE,NA,peace
Doreen G. Kessy,377171451045879808,2013-09-09T20:47:36Z,//t.co/EsyUMYzOXt #peace #Congo #Africa,FALSE,FALSE,NA,Congo
Doreen G. Kessy,377171451045879808,2013-09-09T20:47:36Z,//t.co/EsyUMYzOXt #peace #Congo #Africa,FALSE,FALSE,NA,Africa
Doreen G. Kessy,377166121880653824,2013-09-09T20:26:25Z,I'm rallying for Peace in Congo and asking my friends and family to join me in support.,FALSE,FALSE,NA,NA
Doreen G. Kessy,377165812525563906,2013-09-09T20:25:11Z,//t.co/ahJQrD1VB3,FALSE,FALSE,NA,NA
Doreen G. Kessy,375630488594952192,2013-09-05T14:44:22Z,"If you only give once a month, please consider giving to this cause this month.//t.co/SGxEIul1EI #congo #hope #sexualviolance",FALSE,FALSE,NA,congo
Doreen G. Kessy,375630488594952192,2013-09-05T14:44:22Z,"If you only give once a month, please consider giving to this cause this month.//t.co/SGxEIul1EI #congo #hope #sexualviolance",FALSE,FALSE,NA,hope
Doreen G. Kessy,375630488594952192,2013-09-05T14:44:22Z,"If you only give once a month, please consider giving to this cause this month.//t.co/SGxEIul1EI #congo #hope #sexualviolance",FALSE,FALSE,NA,sexualviolance
Doreen G. Kessy,372405474756268032,2013-08-27T17:09:18Z,Thoughts from @dgkessy on #malaria #Africa and #mothers.//t.co/yuzzcNQ9oK,FALSE,TRUE,NA,malaria
Doreen G. Kessy,372405474756268032,2013-08-27T17:09:18Z,Thoughts from @dgkessy on #malaria #Africa and #mothers.//t.co/yuzzcNQ9oK,FALSE,TRUE,NA,Africa
Doreen G. Kessy,372405474756268032,2013-08-27T17:09:18Z,Thoughts from @dgkessy on #malaria #Africa and #mothers.//t.co/yuzzcNQ9oK,FALSE,TRUE,NA,mothers
Doreen G. Kessy,362951659736940548,2013-08-01T15:03:13Z,"Nobody needs to vote for Mugabe for him to win, he can manufacture votes all by himself! #corruption #mugabe #Africa",FALSE,FALSE,NA,corruption
Doreen G. Kessy,362951659736940548,2013-08-01T15:03:13Z,"Nobody needs to vote for Mugabe for him to win, he can manufacture votes all by himself! #corruption #mugabe #Africa",FALSE,FALSE,NA,mugabe
Doreen G. Kessy,362951659736940548,2013-08-01T15:03:13Z,"Nobody needs to vote for Mugabe for him to win, he can manufacture votes all by himself! #corruption #mugabe #Africa",FALSE,FALSE,NA,Africa
Doreen G. Kessy,362750747458281472,2013-08-01T01:44:52Z,Mirror Frame DIY//t.co/G6HDr4w0Sj,FALSE,FALSE,NA,NA
Doreen G. Kessy,361875220539248642,2013-07-29T15:45:50Z,Please share!//t.co/RkeHSUqRrM,FALSE,FALSE,NA,NA
Doreen G. Kessy,358124601110315008,2013-07-19T07:22:13Z,//t.co/0pFgGBzsCT,FALSE,FALSE,NA,NA
Doreen G. Kessy,346414329563840512,2013-06-16T23:49:46Z,"Things I cared for before, I don't care for anymore.i have caught a glimpse of the beauty of Jesus Christ #redeemed",FALSE,FALSE,NA,redeemed
Doreen G. Kessy,346414027582345217,2013-06-16T23:48:34Z,"@Maips I miss you too boo boo. I now back in the burg, we should hangout sometime. #ilikeyoubroke",FALSE,FALSE,39361954,ilikeyoubroke
Doreen G. Kessy,342727571827458048,2013-06-06T19:39:55Z,"I understand the importance of rain, but am not a big fun #heavyrain",FALSE,FALSE,NA,heavyrain
Doreen G. Kessy,335970506538885120,2013-05-19T04:09:45Z,"@smpace @odesk haha, yap, I'll be using it now more until I find a job. I know a friend who makes a decent income through odesk.",FALSE,FALSE,25923452,NA
Doreen G. Kessy,335625271145275392,2013-05-18T05:17:54Z,Gotta teach my grandma how to twick her accent for siri to understand. @iPhone @Siri,FALSE,FALSE,NA,NA
Doreen G. Kessy,335624837118705664,2013-05-18T05:16:11Z,@Maips hey I will be praying for you. I hope you do well and you travel safely. Love you,FALSE,FALSE,39361954,NA
Doreen G. Kessy,335624503596036096,2013-05-18T05:14:51Z,@smpace @odesk is the issssssh.,FALSE,FALSE,25923452,NA
Doreen G. Kessy,332317510374412288,2013-05-09T02:14:03Z,@Maips yeah #africans are full of issssh,FALSE,FALSE,39361954,africans
Doreen G. Kessy,332317148837990401,2013-05-09T02:12:37Z,@Maips yeah especially African's like you.hey--- it's crazy,FALSE,FALSE,39361954,NA
Doreen G. Kessy,331920973689405441,2013-05-07T23:58:21Z,@Maips Yeah you are sooooo wierd. I don't understand whats funny- a black man just blacked the interview up!!!!,FALSE,FALSE,39361954,NA
Doreen G. Kessy,331920598768947200,2013-05-07T23:56:52Z,@dgkessy88 thinks I am obsessed with #CharlesRamsey. I have probably watched his video clip more than 10 times today and died a slow death!,FALSE,TRUE,NA,NA
Doreen G. Kessy,329785824327651330,2013-05-02T02:34:02Z,@Maips ishhhh we are trouble ooh. This combination is a recipe for disaster #goodtimes,FALSE,FALSE,39361954,goodtimes
Doreen G. Kessy,329745460887707648,2013-05-01T23:53:38Z,God give me wisdom to know what I need to do in Africa #Africa #African #Tanzania #africaresources #investinafrica,FALSE,FALSE,NA,Africa
Doreen G. Kessy,329745460887707648,2013-05-01T23:53:38Z,God give me wisdom to know what I need to do in Africa #Africa #African #Tanzania #africaresources #investinafrica,FALSE,FALSE,NA,African
Doreen G. Kessy,329745460887707648,2013-05-01T23:53:38Z,God give me wisdom to know what I need to do in Africa #Africa #African #Tanzania #africaresources #investinafrica,FALSE,FALSE,NA,Tanzania
Doreen G. Kessy,329745460887707648,2013-05-01T23:53:38Z,God give me wisdom to know what I need to do in Africa #Africa #African #Tanzania #africaresources #investinafrica,FALSE,FALSE,NA,africaresources
Doreen G. Kessy,329745460887707648,2013-05-01T23:53:38Z,God give me wisdom to know what I need to do in Africa #Africa #African #Tanzania #africaresources #investinafrica,FALSE,FALSE,NA,investinafrica
Doreen G. Kessy,329575095909617664,2013-05-01T12:36:40Z,Sovereign are you God. #Grateful #Jesus #iTestify,FALSE,FALSE,NA,Grateful
Doreen G. Kessy,329575095909617664,2013-05-01T12:36:40Z,Sovereign are you God. #Grateful #Jesus #iTestify,FALSE,FALSE,NA,Jesus
Doreen G. Kessy,329575095909617664,2013-05-01T12:36:40Z,Sovereign are you God. #Grateful #Jesus #iTestify,FALSE,FALSE,NA,iTestify
Doreen G. Kessy,328995145095712769,2013-04-29T22:12:09Z,"Always remember... @dgkessy88: God never gives up on me"" #truth #godislove",FALSE,TRUE,NA,NA
Doreen G. Kessy,328994313323282432,2013-04-29T22:08:51Z,God never gives up on me #wonderfulsavior,FALSE,FALSE,NA,wonderfulsavior
Doreen G. Kessy,328116382858366976,2013-04-27T12:00:16Z,"Want a bank statement in the US? It will take 5 min or less, in Africa 2days #Africa #africanproblems",FALSE,FALSE,NA,Africa
Doreen G. Kessy,328116382858366976,2013-04-27T12:00:16Z,"Want a bank statement in the US? It will take 5 min or less, in Africa 2days #Africa #africanproblems",FALSE,FALSE,NA,africanproblems
Doreen G. Kessy,327915102894440448,2013-04-26T22:40:27Z,"I have been around for 24 years, yet I have never seen the righteous forsaken.",FALSE,FALSE,NA,NA
Doreen G. Kessy,326831262994161665,2013-04-23T22:53:39Z,Has anyone seen North Korea anywhere? #nowarzone,FALSE,FALSE,NA,nowarzone
Doreen G. Kessy,266234568984625152,2012-11-07T17:44:02Z,Raspberry Ketones are the newest painless solution to weight loss.//t.co/S91eAk7A,FALSE,FALSE,NA,NA
